id_departamento,grupo_etario,cantidad
2007,0-5,12219
2007,6-12,14886
2007,12-18,17171
2007,>18,176724
2014,0-5,6616
2014,6-12,7503
2014,12-18,10410
2014,>18,136076
2021,0-5,9218
2021,6-12,11820
2021,12-18,14359
2021,>18,158139
2028,0-5,13843
2028,6-12,19242
2028,12-18,22147
2028,>18,171791
2035,0-5,8448
2035,6-12,11151
2035,12-18,13494
2035,>18,159353
2042,0-5,9182
2042,6-12,11819
2042,12-18,14351
2042,>18,166410
2049,0-5,10782
2049,6-12,14705
2049,12-18,17938
2049,>18,169836
2056,0-5,14568
2056,6-12,20231
2056,12-18,23814
2056,>18,145274
2063,0-5,8573
2063,6-12,12293
2063,12-18,15783
2063,>18,131258
2070,0-5,8255
2070,6-12,11227
2070,12-18,14313
2070,>18,138099
2077,0-5,9308
2077,6-12,12673
2077,12-18,16167
2077,>18,163756
2084,0-5,11942
2084,6-12,14758
2084,12-18,17067
2084,>18,191594
2091,0-5,12057
2091,6-12,15147
2091,12-18,18938
2091,>18,216187
2098,0-5,10915
2098,6-12,12462
2098,12-18,15406
2098,>18,208468
2105,0-5,9388
2105,6-12,12072
2105,12-18,14307
2105,>18,159495
6007,0-5,1292
6007,6-12,1463
6007,12-18,1671
6007,>18,12915
6014,0-5,950
6014,6-12,1184
6014,12-18,1387
6014,>18,9325
6021,0-5,904
6021,6-12,1166
6021,12-18,1410
6021,>18,9425
6028,0-5,43762
6028,6-12,58015
6028,12-18,68125
6028,>18,413304
6035,0-5,22784
6035,6-12,31635
6035,12-18,37923
6035,>18,273774
6042,0-5,1699
6042,6-12,2051
6042,12-18,2541
6042,>18,15464
6049,0-5,5390
6049,6-12,7022
6049,12-18,8263
6049,>18,54476
6056,0-5,22621
6056,6-12,29136
6056,12-18,33554
6056,>18,249193
6063,0-5,3638
6063,6-12,4356
6063,12-18,4982
6063,>18,35538
6070,0-5,3225
6070,6-12,3706
6070,12-18,4484
6070,>18,27799
6077,0-5,2644
6077,6-12,3046
6077,12-18,3457
6077,>18,22927
6084,0-5,1608
6084,6-12,1912
6084,12-18,2380
6084,>18,15284
6091,0-5,25806
6091,6-12,35310
6091,12-18,41619
6091,>18,255591
6098,0-5,7704
6098,6-12,10089
6098,12-18,11412
6098,>18,71479
6105,0-5,2830
6105,6-12,3296
6105,12-18,3767
6105,>18,27300
6112,0-5,3360
6112,6-12,4108
6112,12-18,4902
6112,>18,33856
6119,0-5,2588
6119,6-12,3406
6119,12-18,4101
6119,>18,22254
6126,0-5,8120
6126,6-12,10711
6126,12-18,12722
6126,>18,76422
6134,0-5,6225
6134,6-12,8115
6134,12-18,8920
6134,>18,47281
6140,0-5,1180
6140,6-12,1468
6140,12-18,1686
6140,>18,11546
6147,0-5,1731
6147,6-12,2127
6147,12-18,2474
6147,>18,16571
6154,0-5,1107
6154,6-12,1331
6154,12-18,1492
6154,>18,10076
6161,0-5,1443
6161,6-12,1627
6161,12-18,2009
6161,>18,12265
6168,0-5,760
6168,6-12,888
6168,12-18,1029
6168,>18,6873
6175,0-5,2014
6175,6-12,2418
6175,12-18,2994
6175,>18,19977
6182,0-5,4705
6182,6-12,6284
6182,12-18,7493
6182,>18,47340
6189,0-5,1131
6189,6-12,1368
6189,12-18,1659
6189,>18,11635
6196,0-5,1890
6196,6-12,2404
6196,12-18,2553
6196,>18,17262
6203,0-5,2881
6203,6-12,3775
6203,12-18,4180
6203,>18,30876
6210,0-5,3518
6210,6-12,4504
6210,12-18,5651
6210,>18,38735
6218,0-5,3167
6218,6-12,4228
6218,12-18,4971
6218,>18,29824
6224,0-5,4906
6224,6-12,6129
6224,12-18,7531
6224,>18,51985
6231,0-5,1395
6231,6-12,1704
6231,12-18,2110
6231,>18,13116
6238,0-5,2569
6238,6-12,2888
6238,12-18,3479
6238,>18,22468
6245,0-5,4917
6245,6-12,6608
6245,12-18,7828
6245,>18,44623
6252,0-5,21900
6252,6-12,27457
6252,12-18,30240
6252,>18,176473
6260,0-5,27670
6260,6-12,35257
6260,12-18,40096
6260,>18,234855
6266,0-5,3424
6266,6-12,4195
6266,12-18,4585
6266,>18,27829
6270,0-5,17155
6270,6-12,21962
6270,12-18,24742
6270,>18,134760
6274,0-5,44663
6274,6-12,55183
6274,12-18,61698
6274,>18,326558
6277,0-5,876
6277,6-12,1070
6277,12-18,1312
6277,>18,7500
6280,0-5,3570
6280,6-12,4115
6280,12-18,4961
6280,>18,32660
6287,0-5,758
6287,6-12,968
6287,12-18,1081
6287,>18,7342
6294,0-5,1212
6294,6-12,1331
6294,12-18,1608
6294,>18,12079
6301,0-5,1618
6301,6-12,1957
6301,12-18,2208
6301,>18,14890
6308,0-5,236
6308,6-12,285
6308,12-18,357
6308,>18,2278
6315,0-5,1548
6315,6-12,2191
6315,12-18,2821
6315,>18,16004
6322,0-5,866
6322,6-12,1083
6322,12-18,1160
6322,>18,8425
6329,0-5,1466
6329,6-12,1773
6329,12-18,2104
6329,>18,12636
6336,0-5,419
6336,6-12,549
6336,12-18,580
6336,>18,3297
6343,0-5,1095
6343,6-12,1495
6343,12-18,1600
6343,>18,9950
6351,0-5,1104
6351,6-12,1131
6351,12-18,1365
6351,>18,9241
6357,0-5,41427
6357,6-12,53294
6357,12-18,67001
6357,>18,498845
6364,0-5,14137
6364,6-12,18024
6364,12-18,18644
6364,>18,91509
6371,0-5,28038
6371,6-12,38161
6371,12-18,46012
6371,>18,332291
6385,0-5,1801
6385,6-12,2208
6385,12-18,2369
6385,>18,16151
6392,0-5,2797
6392,6-12,3412
6392,12-18,4022
6392,>18,24823
6399,0-5,822
6399,6-12,1028
6399,12-18,1224
6399,>18,8587
6406,0-5,789
6406,6-12,919
6406,12-18,1156
6406,>18,7716
6408,0-5,11620
6408,6-12,16075
6408,12-18,19542
6408,>18,138121
6410,0-5,10707
6410,6-12,15026
6410,12-18,18670
6410,>18,133579
6412,0-5,29597
6412,6-12,36232
6412,12-18,40098
6412,>18,220598
6413,0-5,7543
6413,6-12,8925
6413,12-18,10236
6413,>18,74259
6420,0-5,7455
6420,6-12,9744
6420,12-18,11692
6420,>18,71508
6427,0-5,157034
6427,6-12,193043
6427,12-18,214041
6427,>18,1273046
6434,0-5,28133
6434,6-12,37841
6434,12-18,46520
6434,>18,347585
6441,0-5,52075
6441,6-12,66893
6441,12-18,78431
6441,>18,558672
6448,0-5,901
6448,6-12,1175
6448,12-18,1343
6448,>18,8076
6455,0-5,1982
6455,6-12,2355
6455,12-18,2959
6455,>18,19839
6462,0-5,1361
6462,6-12,1585
6462,12-18,1953
6462,>18,12253
6466,0-5,443
6466,6-12,546
6466,12-18,663
6466,>18,4517
6469,0-5,3480
6469,6-12,4008
6469,12-18,4746
6469,>18,32956
6476,0-5,1302
6476,6-12,1606
6476,12-18,1897
6476,>18,13300
6483,0-5,3294
6483,6-12,3961
6483,12-18,4742
6483,>18,29420
6490,0-5,50825
6490,6-12,65571
6490,12-18,76653
6490,>18,492593
6497,0-5,8352
6497,6-12,10571
6497,12-18,12158
6497,>18,79029
6505,0-5,1935
6505,6-12,2352
6505,12-18,2676
6505,>18,15689
6511,0-5,861
6511,6-12,1058
6511,12-18,1171
6511,>18,8162
6515,0-5,25943
6515,6-12,34313
6515,12-18,40965
6515,>18,248178
6518,0-5,2519
6518,6-12,3085
6518,12-18,3581
6518,>18,23786
6525,0-5,5973
6525,6-12,7274
6525,12-18,8351
6525,>18,43162
6532,0-5,5457
6532,6-12,6743
6532,12-18,7892
6532,>18,50909
6539,0-5,48007
6539,6-12,61148
6539,12-18,70111
6539,>18,402216
6547,0-5,1922
6547,6-12,2558
6547,12-18,2853
6547,>18,17281
6553,0-5,596
6553,6-12,810
6553,12-18,914
6553,>18,6123
6560,0-5,50791
6560,6-12,65328
6560,12-18,71388
6560,>18,388249
6568,0-5,18044
6568,6-12,24608
6568,12-18,30756
6568,>18,256108
6574,0-5,1501
6574,6-12,1995
6574,12-18,2428
6574,>18,13963
6581,0-5,6914
6581,6-12,9031
6581,12-18,10861
6581,>18,74676
6588,0-5,3963
6588,6-12,4895
6588,12-18,5934
6588,>18,37571
6595,0-5,8554
6595,6-12,11123
6595,12-18,13458
6595,>18,88874
6602,0-5,2857
6602,6-12,3677
6602,12-18,3920
6602,>18,27044
6609,0-5,3474
6609,6-12,4099
6609,12-18,5012
6609,>18,32008
6616,0-5,662
6616,6-12,719
6616,12-18,722
6616,>18,5007
6623,0-5,8676
6623,6-12,10471
6623,12-18,12182
6623,>18,83658
6630,0-5,408
6630,6-12,511
6630,12-18,522
6630,>18,3172
6638,0-5,34493
6638,6-12,42505
6638,12-18,48967
6638,>18,267648
6644,0-5,3043
6644,6-12,3865
6644,12-18,4633
6644,>18,27682
6648,0-5,10170
6648,6-12,12302
6648,12-18,13904
6648,>18,65616
6651,0-5,998
6651,6-12,1236
6651,12-18,1455
6651,>18,12700
6655,0-5,936
6655,6-12,1193
6655,12-18,1238
6655,>18,8793
6658,0-5,47353
6658,6-12,60261
6658,12-18,70705
6658,>18,453453
6665,0-5,3451
6665,6-12,4031
6665,12-18,4764
6665,>18,27401
6672,0-5,1197
6672,6-12,1501
6672,12-18,1779
6672,>18,12013
6679,0-5,1734
6679,6-12,2000
6679,12-18,2190
6679,>18,13810
6686,0-5,1851
6686,6-12,2284
6686,12-18,2802
6686,>18,18681
6693,0-5,1104
6693,6-12,1342
6693,12-18,1546
6693,>18,9908
6700,0-5,1436
6700,6-12,1822
6700,12-18,2086
6700,>18,16062
6707,0-5,2716
6707,6-12,3213
6707,12-18,3911
6707,>18,25582
6714,0-5,3175
6714,6-12,3725
6714,12-18,4474
6714,>18,27882
6721,0-5,653
6721,6-12,818
6721,12-18,991
6721,>18,6880
6728,0-5,2151
6728,6-12,2599
6728,12-18,3015
6728,>18,18633
6735,0-5,2120
6735,6-12,2443
6735,12-18,2999
6735,>18,19132
6742,0-5,615
6742,6-12,731
6742,12-18,881
6742,>18,6690
6749,0-5,11498
6749,6-12,15307
6749,12-18,18054
6749,>18,126239
6756,0-5,17057
6756,6-12,22338
6756,12-18,29037
6756,>18,227543
6760,0-5,24752
6760,6-12,31904
6760,12-18,35784
6760,>18,235209
6763,0-5,12727
6763,6-12,15253
6763,12-18,17817
6763,>18,120859
6770,0-5,5781
6770,6-12,7116
6770,12-18,8280
6770,>18,47174
6778,0-5,9859
6778,6-12,12095
6778,12-18,12889
6778,>18,63085
6784,0-5,981
6784,6-12,1157
6784,12-18,1428
6784,>18,8169
6791,0-5,9785
6791,6-12,12620
6791,12-18,14987
6791,>18,107284
6798,0-5,873
6798,6-12,971
6798,12-18,1213
6798,>18,7637
6805,0-5,32611
6805,6-12,44078
6805,12-18,53284
6805,>18,316317
6812,0-5,244
6812,6-12,259
6812,12-18,270
6812,>18,1754
6819,0-5,997
6819,6-12,1351
6819,12-18,1436
6819,>18,10805
6826,0-5,4016
6826,6-12,4578
6826,12-18,5190
6826,>18,35343
6833,0-5,4260
6833,6-12,5501
6833,12-18,6283
6833,>18,45843
6840,0-5,21166
6840,6-12,28750
6840,12-18,35036
6840,>18,277364
6847,0-5,682
6847,6-12,834
6847,12-18,986
6847,>18,6586
6854,0-5,2706
6854,6-12,3189
6854,12-18,3782
6854,>18,25733
6861,0-5,14893
6861,6-12,19249
6861,12-18,24673
6861,>18,221724
6868,0-5,2583
6868,6-12,3608
6868,12-18,4460
6868,>18,26673
6875,0-5,2586
6875,6-12,3167
6875,12-18,3798
6875,>18,22999
6882,0-5,9976
6882,6-12,13121
6882,12-18,15610
6882,>18,92707
10007,0-5,374
10007,6-12,365
10007,12-18,475
10007,>18,3869
10014,0-5,243
10014,6-12,286
10014,12-18,370
10014,>18,2382
10021,0-5,1535
10021,6-12,1720
10021,12-18,2368
10021,>18,13921
10028,0-5,142
10028,6-12,203
10028,12-18,212
10028,>18,1264
10035,0-5,2482
10035,6-12,2993
10035,12-18,3870
10035,>18,21007
10042,0-5,1697
10042,6-12,1892
10042,12-18,2395
10042,>18,13486
10049,0-5,14250
10049,6-12,17212
10049,12-18,20464
10049,>18,134539
10056,0-5,394
10056,6-12,448
10056,12-18,554
10056,>18,2978
10063,0-5,1207
10063,6-12,1424
10063,12-18,1624
10063,>18,10368
10070,0-5,2352
10070,6-12,2725
10070,12-18,3265
10070,>18,17998
10077,0-5,317
10077,6-12,429
10077,12-18,533
10077,>18,3416
10084,0-5,988
10084,6-12,1243
10084,12-18,1558
10084,>18,8429
10091,0-5,2179
10091,6-12,2579
10091,12-18,3038
10091,>18,19024
10098,0-5,1154
10098,6-12,1288
10098,12-18,1549
10098,>18,9325
10105,0-5,2024
10105,6-12,2400
10105,12-18,3068
10105,>18,17761
10112,0-5,2667
10112,6-12,3303
10112,12-18,3905
10112,>18,24075
14007,0-5,5902
14007,6-12,7284
14007,12-18,8294
14007,>18,53981
14014,0-5,105777
14014,6-12,127379
14014,12-18,154598
14014,>18,1110302
14021,0-5,24253
14021,6-12,29932
14021,12-18,34500
14021,>18,205825
14028,0-5,5650
14028,6-12,6501
14028,12-18,7447
14028,>18,45149
14035,0-5,2905
14035,6-12,3263
14035,12-18,3903
14035,>18,25992
14042,0-5,12494
14042,6-12,14299
14042,12-18,16119
14042,>18,109483
14049,0-5,3125
14049,6-12,3562
14049,12-18,4456
14049,>18,24879
14056,0-5,5605
14056,6-12,6415
14056,12-18,7384
14056,>18,48912
14063,0-5,7791
14063,6-12,9153
14063,12-18,10574
14063,>18,79767
14070,0-5,371
14070,6-12,424
14070,12-18,529
14070,>18,3530
14077,0-5,377
14077,6-12,399
14077,12-18,544
14077,>18,3749
14084,0-5,2907
14084,6-12,3515
14084,12-18,4141
14084,>18,26987
14091,0-5,15214
14091,6-12,19630
14091,12-18,23311
14091,>18,161338
14098,0-5,21670
14098,6-12,24667
14098,12-18,28427
14098,>18,203212
14105,0-5,5303
14105,6-12,5663
14105,12-18,6638
14105,>18,40576
14112,0-5,1324
14112,6-12,1591
14112,12-18,1918
14112,>18,10441
14119,0-5,8823
14119,6-12,10379
14119,12-18,12099
14119,>18,82009
14126,0-5,3328
14126,6-12,3968
14126,12-18,4656
14126,>18,30076
14133,0-5,4809
14133,6-12,6034
14133,12-18,6847
14133,>18,45009
14140,0-5,17737
14140,6-12,20783
14140,12-18,24859
14140,>18,165571
14147,0-5,12002
14147,6-12,14361
14147,12-18,15614
14147,>18,97034
14154,0-5,345
14154,6-12,401
14154,12-18,541
14154,>18,3093
14161,0-5,9114
14161,6-12,10870
14161,12-18,12405
14161,>18,87817
14168,0-5,1943
14168,6-12,2217
14168,12-18,2670
14168,>18,15642
14175,0-5,1158
14175,6-12,1209
14175,12-18,1507
14175,>18,10217
14182,0-5,8748
14182,6-12,10277
14182,12-18,12072
14182,>18,82537
18007,0-5,4397
18007,6-12,4808
18007,12-18,5139
18007,>18,30024
18014,0-5,231
18014,6-12,265
18014,12-18,324
18014,>18,1986
18021,0-5,35160
18021,6-12,40888
18021,12-18,47679
18021,>18,313717
18028,0-5,2791
18028,6-12,3184
18028,12-18,3682
18028,>18,16612
18035,0-5,4649
18035,6-12,5255
18035,12-18,6224
18035,>18,35360
18042,0-5,1574
18042,6-12,1754
18042,12-18,2082
18042,>18,12536
18049,0-5,3662
18049,6-12,4138
18049,12-18,4927
18049,>18,26440
18056,0-5,873
18056,6-12,896
18056,12-18,1126
18056,>18,6155
18063,0-5,1425
18063,6-12,1615
18063,12-18,1937
18063,>18,12038
18070,0-5,9035
18070,6-12,10905
18070,12-18,12844
18070,>18,73438
18077,0-5,1136
18077,6-12,1276
18077,12-18,1379
18077,>18,8154
18084,0-5,3816
18084,6-12,4200
18084,12-18,4751
18084,>18,25999
18091,0-5,4432
18091,6-12,4752
18091,12-18,5177
18091,>18,26044
18098,0-5,1002
18098,6-12,1108
18098,12-18,1439
18098,>18,7990
18105,0-5,4965
18105,6-12,5266
18105,12-18,5536
18105,>18,34039
18112,0-5,4116
18112,6-12,4648
18112,12-18,5272
18112,>18,31565
18119,0-5,5442
18119,6-12,6353
18119,12-18,7503
18119,>18,37479
18126,0-5,2703
18126,6-12,3024
18126,12-18,3676
18126,>18,19721
18133,0-5,1633
18133,6-12,1882
18133,12-18,2017
18133,>18,14146
18140,0-5,1862
18140,6-12,2025
18140,12-18,2496
18140,>18,14997
18147,0-5,1512
18147,6-12,1702
18147,12-18,1972
18147,>18,9976
18154,0-5,1287
18154,6-12,1498
18154,12-18,1740
18154,>18,8173
18161,0-5,2171
18161,6-12,2315
18161,12-18,2767
18161,>18,15428
18168,0-5,6984
18168,6-12,8046
18168,12-18,9133
18168,>18,47758
18175,0-5,922
18175,6-12,1061
18175,12-18,1304
18175,>18,7094
22007,0-5,4089
22007,6-12,4305
22007,12-18,5388
22007,>18,24011
22014,0-5,2560
22014,6-12,2968
22014,12-18,3256
22014,>18,19275
22021,0-5,8579
22021,6-12,10417
22021,12-18,12481
22021,>18,69608
22028,0-5,3114
22028,6-12,3571
22028,12-18,3737
22028,>18,24069
22036,0-5,2262
22036,6-12,2450
22036,12-18,2724
22036,>18,15741
22039,0-5,745
22039,6-12,783
22039,12-18,880
22039,>18,5901
22043,0-5,968
22043,6-12,1106
22043,12-18,1238
22043,>18,7329
22049,0-5,1411
22049,6-12,1466
22049,12-18,1702
22049,>18,8227
22056,0-5,1285
22056,6-12,1538
22056,12-18,1769
22056,>18,10467
22063,0-5,6921
22063,6-12,8259
22063,12-18,8792
22063,>18,44456
22070,0-5,2318
22070,6-12,2577
22070,12-18,3219
22070,>18,13833
22077,0-5,1282
22077,6-12,1476
22077,12-18,1563
22077,>18,9453
22084,0-5,6514
22084,6-12,7273
22084,12-18,8036
22084,>18,43480
22091,0-5,2701
22091,6-12,3024
22091,12-18,3220
22091,>18,17408
22098,0-5,5880
22098,6-12,6579
22098,12-18,6893
22098,>18,40445
22105,0-5,2987
22105,6-12,3073
22105,12-18,3552
22105,>18,20610
22112,0-5,2090
22112,6-12,2597
22112,12-18,2996
22112,>18,13860
22119,0-5,1353
22119,6-12,1578
22119,12-18,1785
22119,>18,9221
22126,0-5,1360
22126,6-12,1577
22126,12-18,1495
22126,>18,9831
22133,0-5,3168
22133,6-12,3266
22133,12-18,4092
22133,>18,21903
22140,0-5,31821
22140,6-12,38963
22140,12-18,43342
22140,>18,299637
22147,0-5,1707
22147,6-12,1818
22147,12-18,1995
22147,>18,10524
22154,0-5,1769
22154,6-12,1978
22154,12-18,2220
22154,>18,12728
22161,0-5,394
22161,6-12,437
22161,12-18,510
22161,>18,2709
22168,0-5,3301
22168,6-12,3902
22168,12-18,4429
22168,>18,20973
26007,0-5,8111
26007,6-12,10375
26007,12-18,12276
26007,>18,72041
26014,0-5,2022
26014,6-12,2754
26014,12-18,3172
26014,>18,20150
26021,0-5,16668
26021,6-12,21521
26021,12-18,23941
26021,>18,152698
26028,0-5,175
26028,6-12,189
26028,12-18,189
26028,>18,1228
26035,0-5,3522
26035,6-12,4856
26035,12-18,5502
26035,>18,36084
26042,0-5,998
26042,6-12,1179
26042,12-18,1461
26042,>18,8865
26049,0-5,83
26049,6-12,90
26049,12-18,115
26049,>18,890
26056,0-5,236
26056,6-12,257
26056,12-18,309
26056,>18,2058
26063,0-5,64
26063,6-12,60
26063,12-18,68
26063,>18,551
26070,0-5,137
26070,6-12,160
26070,12-18,178
26070,>18,1406
26077,0-5,10491
26077,6-12,13418
26077,12-18,15650
26077,>18,104859
26084,0-5,565
26084,6-12,638
26084,12-18,625
26084,>18,4517
26091,0-5,1344
26091,6-12,1701
26091,12-18,1804
26091,>18,9626
26098,0-5,464
26098,6-12,643
26098,12-18,657
26098,>18,4182
26105,0-5,117
26105,6-12,144
26105,12-18,174
26105,>18,1172
30008,0-5,5907
30008,6-12,6990
30008,12-18,7913
30008,>18,54078
30015,0-5,17901
30015,6-12,21468
30015,12-18,23202
30015,>18,135031
30021,0-5,3847
30021,6-12,4458
30021,12-18,5162
30021,>18,38843
30028,0-5,6876
30028,6-12,7982
30028,12-18,8706
30028,>18,54699
30035,0-5,2629
30035,6-12,2860
30035,12-18,3251
30035,>18,20695
30042,0-5,1461
30042,6-12,1726
30042,12-18,2028
30042,>18,11501
30049,0-5,4529
30049,6-12,5466
30049,12-18,6180
30049,>18,40620
30056,0-5,9410
30056,6-12,11769
30056,12-18,13659
30056,>18,90337
30063,0-5,1271
30063,6-12,1534
30063,12-18,1747
30063,>18,9431
30070,0-5,6549
30070,6-12,7842
30070,12-18,8762
30070,>18,52117
30077,0-5,3364
30077,6-12,4082
30077,12-18,4610
30077,>18,30897
30084,0-5,27975
30084,6-12,35139
30084,12-18,39844
30084,>18,285757
30088,0-5,1743
30088,6-12,2142
30088,12-18,2515
30088,>18,14384
30091,0-5,2477
30091,6-12,3068
30091,12-18,3496
30091,>18,22049
30098,0-5,8632
30098,6-12,10712
30098,12-18,12820
30098,>18,83351
30105,0-5,3123
30105,6-12,3601
30105,12-18,4287
30105,>18,29289
30113,0-5,4679
30113,6-12,5389
30113,12-18,6314
30113,>18,38900
34007,0-5,1763
34007,6-12,2028
34007,12-18,2207
34007,>18,9600
34014,0-5,21127
34014,6-12,26493
34014,12-18,30652
34014,>18,190299
34021,0-5,1725
34021,6-12,2095
34021,12-18,2631
34021,>18,12823
34028,0-5,1918
34028,6-12,2143
34028,12-18,2420
34028,>18,10535
34035,0-5,8070
34035,6-12,9940
34035,12-18,10400
34035,>18,53189
34042,0-5,1864
34042,6-12,2181
34042,12-18,2467
34042,>18,12576
34049,0-5,8934
34049,6-12,10260
34049,12-18,11076
34049,>18,63845
34056,0-5,6830
34056,6-12,8111
34056,12-18,9246
34056,>18,48372
34063,0-5,2421
34063,6-12,2783
34063,12-18,3034
34063,>18,9439
38007,0-5,1322
38007,6-12,1685
38007,12-18,2099
38007,>18,9891
38014,0-5,11018
38014,6-12,13356
38014,12-18,15219
38014,>18,82665
38021,0-5,23048
38021,6-12,31256
38021,12-18,34888
38021,>18,230276
38028,0-5,1752
38028,6-12,2442
38028,12-18,2816
38028,>18,13866
38035,0-5,8147
38035,6-12,9746
38035,12-18,11270
38035,>18,64968
38042,0-5,4800
38042,6-12,6551
38042,12-18,7631
38042,>18,46539
38049,0-5,170
38049,6-12,241
38049,12-18,238
38049,>18,1145
38056,0-5,539
38056,6-12,699
38056,12-18,738
38056,>18,4752
38063,0-5,7205
38063,6-12,9254
38063,12-18,10031
38063,>18,61745
38070,0-5,1905
38070,6-12,2399
38070,12-18,2601
38070,>18,13591
38077,0-5,282
38077,6-12,302
38077,12-18,352
38077,>18,1704
38084,0-5,439
38084,6-12,527
38084,12-18,560
38084,>18,2439
38094,0-5,1063
38094,6-12,1549
38094,12-18,1803
38094,>18,10205
38098,0-5,375
38098,6-12,534
38098,12-18,565
38098,>18,3823
38105,0-5,194
38105,6-12,276
38105,12-18,329
38105,>18,1690
38112,0-5,2367
38112,6-12,2773
38112,12-18,3272
38112,>18,17416
42007,0-5,769
42007,6-12,980
42007,12-18,1168
42007,>18,8132
42014,0-5,194
42014,6-12,272
42014,12-18,336
42014,>18,1808
42021,0-5,8258
42021,6-12,11128
42021,12-18,12701
42021,>18,86416
42028,0-5,648
42028,6-12,880
42028,12-18,933
42028,>18,5762
42035,0-5,1023
42035,6-12,1345
42035,12-18,1449
42035,>18,11276
42042,0-5,99
42042,6-12,100
42042,12-18,115
42042,>18,788
42049,0-5,201
42049,6-12,305
42049,12-18,319
42049,>18,2042
42056,0-5,960
42056,6-12,1149
42056,12-18,1340
42056,>18,8827
42063,0-5,110
42063,6-12,150
42063,12-18,193
42063,>18,1007
42070,0-5,690
42070,6-12,756
42070,12-18,965
42070,>18,6985
42077,0-5,486
42077,6-12,590
42077,12-18,720
42077,>18,5916
42084,0-5,39
42084,6-12,46
42084,12-18,50
42084,>18,292
42091,0-5,33
42091,6-12,42
42091,12-18,28
42091,>18,309
42098,0-5,647
42098,6-12,835
42098,12-18,1016
42098,>18,6742
42105,0-5,5292
42105,6-12,6549
42105,12-18,7418
42105,>18,49807
42112,0-5,1095
42112,6-12,1350
42112,12-18,1404
42112,>18,7786
42119,0-5,600
42119,6-12,699
42119,12-18,933
42119,>18,6171
42126,0-5,853
42126,6-12,1070
42126,12-18,1375
42126,>18,7791
42133,0-5,1232
42133,6-12,1651
42133,12-18,1945
42133,>18,12527
42140,0-5,1540
42140,6-12,2073
42140,12-18,2136
42140,>18,12176
42147,0-5,435
42147,6-12,506
42147,12-18,569
42147,>18,4126
42154,0-5,1321
42154,6-12,1797
42154,12-18,1955
42154,>18,12612
46007,0-5,1353
46007,6-12,1645
46007,12-18,1863
46007,>18,11388
46014,0-5,15697
46014,6-12,19946
46014,12-18,23880
46014,>18,150983
46021,0-5,409
46021,6-12,538
46021,12-18,599
46021,>18,4263
46028,0-5,829
46028,6-12,1078
46028,12-18,1172
46028,>18,8291
46035,0-5,1307
46035,6-12,1360
46035,12-18,1701
46035,>18,11261
46042,0-5,4579
46042,6-12,6019
46042,12-18,7421
46042,>18,40661
46049,0-5,479
46049,6-12,664
46049,12-18,804
46049,>18,5036
46056,0-5,255
46056,6-12,333
46056,12-18,355
46056,>18,2240
46063,0-5,621
46063,6-12,677
46063,12-18,835
46063,>18,5481
46070,0-5,337
46070,6-12,362
46070,12-18,461
46070,>18,2852
46077,0-5,158
46077,6-12,164
46077,12-18,214
46077,>18,1348
46084,0-5,567
46084,6-12,656
46084,12-18,805
46084,>18,5317
46091,0-5,394
46091,6-12,538
46091,12-18,655
46091,>18,3429
46098,0-5,224
46098,6-12,246
46098,12-18,305
46098,>18,1919
46105,0-5,209
46105,6-12,241
46105,12-18,307
46105,>18,1641
46112,0-5,1310
46112,6-12,1652
46112,12-18,1864
46112,>18,10937
46119,0-5,345
46119,6-12,429
46119,12-18,494
46119,>18,3037
46126,0-5,230
46126,6-12,317
46126,12-18,314
46126,>18,2131
50007,0-5,8283
50007,6-12,9891
50007,12-18,11066
50007,>18,94474
50014,0-5,4069
50014,6-12,5385
50014,12-18,5721
50014,>18,37203
50021,0-5,13392
50021,6-12,16942
50021,12-18,19597
50021,>18,144625
50028,0-5,25349
50028,6-12,31776
50028,12-18,35018
50028,>18,228727
50035,0-5,3662
50035,6-12,4550
50035,12-18,5068
50035,>18,33190
50042,0-5,1018
50042,6-12,1305
50042,12-18,1302
50042,>18,8392
50049,0-5,19700
50049,6-12,24827
50049,12-18,27850
50049,>18,161461
50056,0-5,4526
50056,6-12,5749
50056,12-18,5944
50056,>18,30866
50063,0-5,13914
50063,6-12,17898
50063,12-18,20387
50063,>18,119683
50070,0-5,18163
50070,6-12,22679
50070,12-18,25291
50070,>18,152753
50077,0-5,2811
50077,6-12,3700
50077,12-18,4071
50077,>18,22012
50084,0-5,5261
50084,6-12,6608
50084,12-18,7111
50084,>18,44608
50091,0-5,3475
50091,6-12,4334
50091,12-18,4793
50091,>18,27148
50098,0-5,11642
50098,6-12,14861
50098,12-18,15658
50098,>18,97243
50105,0-5,17237
50105,6-12,21325
50105,12-18,23389
50105,>18,151252
50112,0-5,1765
50112,6-12,2143
50112,12-18,2263
50112,>18,13206
50119,0-5,5158
50119,6-12,6688
50119,12-18,7298
50119,>18,40826
50126,0-5,3810
50126,6-12,4851
50126,12-18,5315
50126,>18,27191
54007,0-5,5262
54007,6-12,5788
54007,12-18,6448
54007,>18,33004
54014,0-5,6425
54014,6-12,7497
54014,12-18,8031
54014,>18,37921
54021,0-5,3758
54021,6-12,4296
54021,12-18,4620
54021,>18,22270
54028,0-5,33142
54028,6-12,40783
54028,12-18,44373
54028,>18,273199
54035,0-5,1087
54035,6-12,1156
54035,12-18,1380
54035,>18,6679
54042,0-5,8721
54042,6-12,10328
54042,12-18,11407
54042,>18,60676
54049,0-5,5458
54049,6-12,5949
54049,12-18,6138
54049,>18,27910
54056,0-5,8802
54056,6-12,9732
54056,12-18,10537
54056,>18,48003
54063,0-5,10641
54063,6-12,12219
54063,12-18,13000
54063,>18,63977
54070,0-5,4430
54070,6-12,5235
54070,12-18,5726
54070,>18,33999
54077,0-5,5227
54077,6-12,5931
54077,12-18,6521
54077,>18,34485
54084,0-5,3674
54084,6-12,4579
54084,12-18,4992
54084,>18,25374
54091,0-5,11680
54091,6-12,13783
54091,12-18,14897
54091,>18,80341
54098,0-5,6498
54098,6-12,7468
54098,12-18,7918
54098,>18,41309
54105,0-5,2346
54105,6-12,2808
54105,12-18,2956
54105,>18,14968
54112,0-5,4462
54112,6-12,4904
54112,12-18,4984
54112,>18,20339
54119,0-5,3369
54119,6-12,3671
54119,12-18,3903
54119,>18,19932
58007,0-5,878
58007,6-12,1032
58007,12-18,1197
58007,>18,7065
58014,0-5,1908
58014,6-12,2170
58014,12-18,2191
58014,>18,11880
58021,0-5,220
58021,6-12,316
58021,12-18,310
58021,>18,1794
58028,0-5,360
58028,6-12,456
58028,12-18,540
58028,>18,3475
58035,0-5,34739
58035,6-12,44946
58035,12-18,49728
58035,>18,337803
58042,0-5,1298
58042,6-12,1819
58042,12-18,2044
58042,>18,13127
58049,0-5,1713
58049,6-12,2147
58049,12-18,2356
58049,>18,14636
58056,0-5,2801
58056,6-12,3767
58056,12-18,4511
58056,>18,28486
58063,0-5,675
58063,6-12,811
58063,12-18,845
58063,>18,5364
58070,0-5,1136
58070,6-12,1557
58070,12-18,1770
58070,>18,11038
58077,0-5,737
58077,6-12,884
58077,12-18,1008
58077,>18,6637
58084,0-5,440
58084,6-12,563
58084,12-18,605
58084,>18,3963
58091,0-5,2678
58091,6-12,3445
58091,12-18,3890
58091,>18,19707
58098,0-5,391
58098,6-12,533
58098,12-18,543
58098,>18,3618
58105,0-5,721
58105,6-12,952
58105,12-18,938
58105,>18,5858
58112,0-5,3426
58112,6-12,4712
58112,12-18,5301
58112,>18,32100
62007,0-5,4517
62007,6-12,6136
62007,12-18,7034
62007,>18,46157
62014,0-5,3407
62014,6-12,4196
62014,12-18,4870
62014,>18,28686
62021,0-5,11266
62021,6-12,14905
62021,12-18,16295
62021,>18,118976
62028,0-5,605
62028,6-12,723
62028,12-18,747
62028,>18,5321
62035,0-5,545
62035,6-12,780
62035,12-18,796
62035,>18,4838
62042,0-5,29296
62042,6-12,37152
62042,12-18,41788
62042,>18,271390
62049,0-5,274
62049,6-12,354
62049,12-18,375
62049,>18,2678
62056,0-5,113
62056,6-12,125
62056,12-18,143
62056,>18,1070
62063,0-5,1344
62063,6-12,1671
62063,12-18,1711
62063,>18,11766
62070,0-5,598
62070,6-12,943
62070,12-18,985
62070,>18,6782
62077,0-5,2730
62077,6-12,3609
62077,12-18,3973
62077,>18,25160
62084,0-5,337
62084,6-12,395
62084,12-18,429
62084,>18,3137
62091,0-5,1353
62091,6-12,1600
62091,12-18,1884
62091,>18,11716
66007,0-5,7052
66007,6-12,8007
66007,12-18,9023
66007,>18,45359
66014,0-5,832
66014,6-12,1080
66014,12-18,1039
66014,>18,5975
66021,0-5,1430
66021,6-12,2036
66021,12-18,2229
66021,>18,12126
66028,0-5,47812
66028,6-12,61799
66028,12-18,69500
66028,>18,444889
66035,0-5,5342
66035,6-12,6901
66035,12-18,7225
66035,>18,36243
66042,0-5,2069
66042,6-12,2580
66042,12-18,3002
66042,>18,17063
66049,0-5,4858
66049,6-12,5990
66049,12-18,6453
66049,>18,38444
66056,0-5,19509
66056,6-12,22243
66056,12-18,24083
66056,>18,111612
66063,0-5,314
66063,6-12,343
66063,12-18,392
66063,>18,2441
66070,0-5,676
66070,6-12,777
66070,12-18,938
66070,>18,3724
66077,0-5,966
66077,6-12,1219
66077,12-18,1287
66077,>18,8773
66084,0-5,596
66084,6-12,775
66084,12-18,884
66084,>18,4926
66091,0-5,167
66091,6-12,223
66091,12-18,271
66091,>18,1127
66098,0-5,760
66098,6-12,953
66098,12-18,1064
66098,>18,6110
66105,0-5,875
66105,6-12,962
66105,12-18,1091
66105,>18,4253
66112,0-5,4326
66112,6-12,4909
66112,12-18,5274
66112,>18,33518
66119,0-5,516
66119,6-12,716
66119,12-18,827
66119,>18,3747
66126,0-5,16651
66126,6-12,19414
66126,12-18,21379
66126,>18,102270
66133,0-5,5048
66133,6-12,5525
66133,12-18,5831
66133,>18,21656
66140,0-5,2966
66140,6-12,3545
66140,12-18,3903
66140,>18,23334
66147,0-5,4735
66147,6-12,5684
66147,12-18,6128
66147,>18,34413
66154,0-5,674
66154,6-12,950
66154,12-18,964
66154,>18,5190
66161,0-5,909
66161,6-12,1226
66161,12-18,1428
66161,>18,5847
70007,0-5,2958
70007,6-12,3634
70007,12-18,4162
70007,>18,20526
70014,0-5,969
70014,6-12,1181
70014,12-18,1363
70014,>18,6657
70021,0-5,1104
70021,6-12,1255
70021,12-18,1337
70021,>18,6970
70028,0-5,7849
70028,6-12,9115
70028,12-18,10752
70028,>18,87132
70035,0-5,4319
70035,6-12,4835
70035,12-18,5830
70035,>18,29032
70042,0-5,9879
70042,6-12,11599
70042,12-18,13364
70042,>18,68929
70049,0-5,819
70049,6-12,945
70049,12-18,1047
70049,>18,6014
70056,0-5,2155
70056,6-12,2384
70056,12-18,2795
70056,>18,17934
70063,0-5,1295
70063,6-12,1488
70063,12-18,1606
70063,>18,8108
70070,0-5,7282
70070,6-12,8963
70070,12-18,10027
70070,>18,46606
70077,0-5,11959
70077,6-12,14695
70077,12-18,16316
70077,>18,93611
70084,0-5,8399
70084,6-12,10029
70084,12-18,11273
70084,>18,71632
70091,0-5,1586
70091,6-12,1863
70091,12-18,2020
70091,>18,9567
70098,0-5,5620
70098,6-12,6657
70098,12-18,7378
70098,>18,43041
70105,0-5,2876
70105,6-12,3274
70105,12-18,3883
70105,>18,17154
70112,0-5,614
70112,6-12,738
70112,12-18,830
70112,>18,4271
70119,0-5,772
70119,6-12,825
70119,12-18,939
70119,>18,5888
70126,0-5,2294
70126,6-12,2553
70126,12-18,3050
70126,>18,12925
70133,0-5,679
70133,6-12,765
70133,12-18,845
70133,>18,4384
74007,0-5,2003
74007,6-12,2327
74007,12-18,2914
74007,>18,16406
74014,0-5,444
74014,6-12,561
74014,12-18,635
74014,>18,3934
74021,0-5,1180
74021,6-12,1490
74021,12-18,1861
74021,>18,11512
74028,0-5,1946
74028,6-12,2353
74028,12-18,3001
74028,>18,19221
74035,0-5,11922
74035,6-12,14672
74035,12-18,17891
74035,>18,104185
74042,0-5,1283
74042,6-12,1464
74042,12-18,1837
74042,>18,9749
74049,0-5,2825
74049,6-12,3659
74049,12-18,4569
74049,>18,29235
74056,0-5,19681
74056,6-12,24700
74056,12-18,31276
74056,>18,185111
74063,0-5,327
74063,6-12,373
74063,12-18,516
74063,>18,3473
78007,0-5,1456
78007,6-12,1663
78007,12-18,1783
78007,>18,10132
78014,0-5,10716
78014,6-12,13790
78014,12-18,15834
78014,>18,85925
78021,0-5,10573
78021,6-12,14016
78021,12-18,16107
78021,>18,96612
78028,0-5,2180
78028,6-12,2815
78028,12-18,3093
78028,>18,17294
78035,0-5,1298
78035,6-12,1375
78035,12-18,1415
78035,>18,8495
78042,0-5,1110
78042,6-12,1489
78042,12-18,1574
78042,>18,8654
78049,0-5,585
78049,6-12,744
78049,12-18,783
78049,>18,4158
82007,0-5,3597
82007,6-12,4246
82007,12-18,4950
82007,>18,35750
82014,0-5,5966
82014,6-12,7096
82014,12-18,8306
82014,>18,64892
82021,0-5,15092
82021,6-12,17526
82021,12-18,20504
82021,>18,136341
82028,0-5,6793
82028,6-12,8043
82028,12-18,9828
82028,>18,68335
82035,0-5,2349
82035,6-12,2543
82035,12-18,2615
82035,>18,17345
82042,0-5,14884
82042,6-12,17783
82042,12-18,20506
82042,>18,147280
82049,0-5,17202
82049,6-12,19144
82049,12-18,22348
82049,>18,138838
82056,0-5,5742
82056,6-12,6722
82056,12-18,7235
82056,>18,53936
82063,0-5,42937
82063,6-12,51558
82063,12-18,59938
82063,>18,413823
82070,0-5,8519
82070,6-12,10020
82070,12-18,11909
82070,>18,84281
82077,0-5,2720
82077,6-12,3104
82077,12-18,3817
82077,>18,21300
82084,0-5,97904
82084,6-12,117871
82084,12-18,130364
82084,>18,991817
82091,0-5,5906
82091,6-12,7064
82091,12-18,8200
82091,>18,51422
82098,0-5,3076
82098,6-12,3454
82098,12-18,3561
82098,>18,23088
82105,0-5,6707
82105,6-12,7813
82105,12-18,8888
82105,>18,61208
82112,0-5,3766
82112,6-12,4407
82112,12-18,4999
82112,>18,33313
82119,0-5,16356
82119,6-12,19715
82119,12-18,20824
82119,>18,136889
82126,0-5,5177
82126,6-12,6077
82126,12-18,6928
82126,>18,49115
82133,0-5,4985
82133,6-12,5622
82133,12-18,6460
82133,>18,38395
86007,0-5,804
86007,6-12,908
86007,12-18,1097
86007,>18,6149
86014,0-5,2298
86014,6-12,2442
86014,12-18,2781
86014,>18,12582
86021,0-5,1520
86021,6-12,1820
86021,12-18,2228
86021,>18,9324
86028,0-5,2758
86028,6-12,3000
86028,12-18,3758
86028,>18,15945
86035,0-5,16118
86035,6-12,18598
86035,12-18,20112
86035,>18,115572
86042,0-5,1033
86042,6-12,1115
86042,12-18,1252
86042,>18,7408
86049,0-5,26352
86049,6-12,31921
86049,12-18,35687
86049,>18,234863
86056,0-5,3908
86056,6-12,4205
86056,12-18,5128
86056,>18,22411
86063,0-5,3746
86063,6-12,4467
86063,12-18,5329
86063,>18,30149
86070,0-5,2127
86070,6-12,2373
86070,12-18,2901
86070,>18,12843
86077,0-5,4772
86077,6-12,5109
86077,12-18,6327
86077,>18,30094
86084,0-5,900
86084,6-12,929
86084,12-18,1107
86084,>18,6314
86091,0-5,1847
86091,6-12,1990
86091,12-18,2441
86091,>18,12342
86098,0-5,2152
86098,6-12,2575
86098,12-18,3014
86098,>18,12825
86105,0-5,2243
86105,6-12,2577
86105,12-18,3035
86105,>18,16191
86112,0-5,112
86112,6-12,120
86112,12-18,183
86112,>18,1024
86119,0-5,4608
86119,6-12,4781
86119,12-18,6032
86119,>18,24930
86126,0-5,1392
86126,6-12,1482
86126,12-18,1865
86126,>18,10268
86133,0-5,2632
86133,6-12,3051
86133,12-18,3520
86133,>18,16989
86140,0-5,1286
86140,6-12,1334
86140,12-18,1575
86140,>18,8139
86147,0-5,6377
86147,6-12,7369
86147,12-18,8056
86147,>18,44834
86154,0-5,487
86154,6-12,561
86154,12-18,627
86154,>18,3638
86161,0-5,5435
86161,6-12,6060
86161,12-18,7095
86161,>18,35287
86168,0-5,1294
86168,6-12,1443
86168,12-18,1957
86168,>18,8080
86175,0-5,1183
86175,6-12,1345
86175,12-18,1737
86175,>18,6917
86182,0-5,533
86182,6-12,630
86182,12-18,716
86182,>18,3154
86189,0-5,861
86189,6-12,1008
86189,12-18,1241
86189,>18,6655
90007,0-5,4330
90007,6-12,5233
90007,12-18,5743
90007,>18,30151
90014,0-5,21071
90014,6-12,25245
90014,12-18,28012
90014,>18,153358
90021,0-5,7651
90021,6-12,9110
90021,12-18,10586
90021,>18,64960
90028,0-5,4239
90028,6-12,4753
90028,12-18,5343
90028,>18,28333
90035,0-5,1434
90035,6-12,1629
90035,12-18,1864
90035,>18,10611
90042,0-5,2908
90042,6-12,3478
90042,12-18,4108
90042,>18,24249
90049,0-5,1894
90049,6-12,2167
90049,12-18,2672
90049,>18,14462
90056,0-5,5678
90056,6-12,6760
90056,12-18,7848
90056,>18,46065
90063,0-5,8542
90063,6-12,10920
90063,12-18,11725
90063,>18,62275
90070,0-5,6523
90070,6-12,7986
90070,12-18,9204
90070,>18,53755
90077,0-5,5525
90077,6-12,6593
90077,12-18,7630
90077,>18,45177
90084,0-5,44089
90084,6-12,51884
90084,12-18,59056
90084,>18,432258
90091,0-5,3132
90091,6-12,3784
90091,12-18,4234
90091,>18,25795
90098,0-5,1828
90098,6-12,2270
90098,12-18,2471
90098,>18,15811
90105,0-5,15052
90105,6-12,18682
90105,12-18,20891
90105,>18,118251
90112,0-5,2185
90112,6-12,2451
90112,12-18,2881
90112,>18,15920
90119,0-5,8420
90119,6-12,10227
90119,12-18,11669
90119,>18,72272
94008,0-5,8087
94008,6-12,10167
94008,12-18,11428
94008,>18,69238
94011,0-5,581
94011,6-12,715
94011,12-18,779
94011,>18,3951
94015,0-5,6135
94015,6-12,7604
94015,12-18,8504
94015,>18,91375349
